"0",""
"0",""
"0","  library(dplyr)"
"0","  library(tidyr)"
"0","  library(readr)"
"0","  library(readxl)"
"0","  library(dlnm)"
"0","  library(brms)"
"0","  library(ggplot2)"
"0","  library(posterior)"
"0","  library(purrr)"
"0",""
"0",""
"0","set.seed(20251218)"
"0",""
"0","# ------------------------------- PARÂMETROS ----------------------------------"
"0","END_DAP   <- 85     # 80, 85 ou 90 (ponto de avaliação, p.ex. ~R6)"
"0","LAG_MAX   <- 85     # lags máximos (dias antes de END_DAP)"
"0","DF_VAR    <- 4      # flexibilidade na dimensão de exposição (ns)"
"0","DF_LAG    <- 4      # flexibilidade na dimensão de lag (ns)"
"0","SEPARATOR <- LAG_MAX"
"0",""
"0","VARS <- c(""tmax"",""rain_cum"",""vpd"")"
"0",""
"0","LAG_BAND_A <- 0:40"
"0","LAG_BAND_B <- 41:LAG_MAX"
