"0","set.seed(123)"
"0",""
"0","# ---------------------------"
"0","# parâmetros"
"0","# ---------------------------"
"0","n_epi   <- 400"
"0","n_days  <- 86"
"0","lags    <- 0:(n_days-1)"
"0",""
"0","# ---------------------------"
"0","# função para gerar efeito temporal (mais forte em lags 40–85)"
"0","# ---------------------------"
"0","lag_effect <- function(lag) {"
"0","  ifelse(lag < 40,"
"0","         0.2 * exp(-lag/20),   # efeito fraco inicial"
"0","         1.2 * exp(-(lag-40)/25))  # efeito forte depois"
"0","}"
"0",""
"0","w_lag <- lag_effect(lags)"
"0","w_lag <- w_lag / sum(w_lag)  # normalizar"
"0",""
"0","# ---------------------------"
"0","# gerando base longa"
"0","# ---------------------------"
"0","sim_data <- do.call(rbind, lapply(1:n_epi, function(id) {"
"0","  "
"0","  # clima diário"
"0","  tmean <- rnorm(n_days, mean = 25, sd = 3)"
"0","  rain  <- rgamma(n_days, shape = 2, scale = 2)"
"0","  vpd   <- runif(n_days, min = 0.5, max = 2)"
"0","  "
"0","  # índice ponderado (efeito maior nos últimos lags)"
"0","  idx_tmean <- sum(tmean * rev(w_lag))"
"0","  idx_rain  <- sum(rain  * rev(w_lag))"
"0","  idx_vpd   <- sum(vpd   * rev(w_lag))"
"0","  "
"0","  # relação com resposta (não linear leve)"
"0","  severity <- 30 +"
"0","    2.5 * idx_tmean +"
"0","    1.5 * idx_rain -"
"0","    3.0 * idx_vpd +"
"0","    rnorm(1, 0, 5)"
"0","  "
"0","  severity <- max(min(severity, 100), 0)  # limitar 0–100"
"0","  "
"0","  data.frame("
"0","    epi_id = id,"
"0","    dpp    = 1:n_days,"
"0","    tmean  = tmean,"
"0","    rain   = rain,"
"0","    vpd    = vpd,"
"0","    y      = severity   # repetido por construção ✅"
"0","  )"
"0","}))"
"0",""
"0","# ---------------------------"
"0","# visualizar"
"0","# ---------------------------"
"0","head(sim_data)"
